{
  "1763861903992": {
    "id": "1763861903992",
    "customer": "cuss001",
    "name": "Akash",
    "items": [
      {
        "name": "Veg Sandwich",
        "price": 120,
        "qty": 1,
        "subtotal": 120
      },
      {
        "name": "Milk Shake",
        "price": 35.0,
        "qty": 1,
        "subtotal": 35.0
      },
      {
        "name": "Burger",
        "price": 147.0,
        "qty": 1,
        "subtotal": 147.0
      }
    ],
    "total": 302.0,
    "status": "edited",
    "payment_status": "pending",
    "created_at": "2025-11-23 12:38:23",
    "edited_at": "2025-11-23 12:39:18"
  },
  "1763862104964": {
    "id": "1763862104964",
    "customer": "1234",
    "name": "Akash",
    "items": [
      {
        "item_id": "3",
        "name": "Veg Sandwich",
        "price": 120,
        "qty": 1,
        "subtotal": 120
      },
      {
        "item_id": "1762489143158",
        "name": "Burger",
        "price": 147.0,
        "qty": 1,
        "subtotal": 147.0
      }
    ],
    "total": 267.0,
    "status": "completed",
    "payment_status": "paid",
    "created_at": "2025-11-23 12:41:44",
    "start_time": "2025-11-23 12:42:55",
    "completed_at": "2025-11-23 12:43:18",
    "wait_time": "0 mins",
    "paid_at": "2025-11-23 12:43:43"
  },
  "1763863789801": {
    "id": "1763863789801",
    "customer": "1234",
    "name": "gundu",
    "items": [
      {
        "item_id": "3",
        "name": "Veg Sandwich",
        "price": 120,
        "qty": 1,
        "subtotal": 120
      }
    ],
    "total": 120.0,
    "status": "completed",
    "payment_status": "paid",
    "created_at": "2025-11-23 13:09:49",
    "start_time": "2025-11-23 13:10:36",
    "completed_at": "2025-11-23 13:11:19",
    "wait_time": "0 mins",
    "paid_at": "2025-11-23 13:11:41"
  },
  "1763874431054": {
    "id": "1763874431054",
    "customer": "1234",
    "name": "gundu",
    "items": [
      {
        "item_id": "3",
        "name": "Veg Sandwich",
        "price": 120,
        "qty": 1,
        "subtotal": 120
      }
    ],
    "total": 120.0,
    "status": "completed",
    "payment_status": "paid",
    "created_at": "2025-11-23 16:07:11",
    "start_time": "2025-11-23 16:07:54",
    "completed_at": "2025-11-23 16:07:55",
    "wait_time": "0 mins",
    "paid_at": "2025-11-23 16:08:09"
  },
  "1763880341930": {
    "id": "1763880341930",
    "customer": "123",
    "name": "vivek",
    "items": [
      {
        "item_id": "3",
        "name": "Veg Sandwich",
        "price": 120,
        "qty": 4,
        "subtotal": 480
      },
      {
        "item_id": "7",
        "name": "Burger",
        "price": 147,
        "qty": 6,
        "subtotal": 882
      }
    ],
    "total": 1362.0,
    "status": "preparing",
    "payment_status": "pending",
    "created_at": "2025-11-23 17:45:41",
    "start_time": "2025-11-23 17:50:00"
  },
  "1763880508714": {
    "id": "1763880508714",
    "customer": "vivek",
    "name": "123",
    "items": [
      {
        "item_id": "3",
        "name": "Veg Sandwich",
        "price": 120,
        "qty": 10,
        "subtotal": 1200
      },
      {
        "item_id": "4",
        "name": "Pizza",
        "price": 79,
        "qty": 1000,
        "subtotal": 79000
      }
    ],
    "total": 80200.0,
    "status": "placed",
    "payment_status": "pending",
    "created_at": "2025-11-23 17:48:28"
  }
}